Región,Número de Región,Comuna,Establecimiento,Teléfono,Pertenecencia,Dirección
De Arica Parinacota,XV,Arica,Centro de Salud Familiar Víctor Bertín Soto,800500103,Perteneciente,Calle Belén 1635
De Arica Parinacota,XV,Arica,Centro de Salud Familiar Dr. Amador Neghme de Arica,800500101,Perteneciente,Calle Cancha Rayada 4149
De Arica Parinacota,XV,Arica,Centro de Salud Familiar E. U. Iris Véliz Hume (Ex Oriente),800500102,Perteneciente,Avenida Las Torres 2699
De Arica Parinacota,XV,Putre,Centro de Salud Familiar Putre,582200261,Perteneciente,Calle Baquedano 261
De Arica Parinacota,XV,Arica,Centro de Salud Familiar Remigio Sapunar,582204306,Perteneciente,Calle Silva Arriagada 1020
De Arica Parinacota,XV,Arica,Centro de Salud Familiar Eugenio Petruccelli Astudillo (ex Punta Norte),,Perteneciente,Avenida Linderos Poniente 4752
De Tarapacá,I,Iquique,Centro de Salud Familiar Cirujano Aguirre,800500105,Perteneciente,
De Tarapacá,I,Iquique,Centro de Salud Familiar Cirujano Videla,800500107,Perteneciente,
De Tarapacá,I,Iquique,Centro de Salud Familiar Cirujano Guzmán,800500106,Perteneciente,Avenida Pedro Prado 2763
De Tarapacá,I,Pozo Almonte,Centro de Salud Familiar Pozo Almonte,572761214,Perteneciente,Calle Balmaceda 276
De Tarapacá,I,Pica,Centro de Salud Familiar Dr. Juan Márquez Vismarra,572741306,Perteneciente,
De Tarapacá,I,Alto Hospicio,Centro de Salud Familiar Pedro Pulgar Melgarejo,800500108,Perteneciente,
De Tarapacá,I,Iquique,Centro de Salud Familiar Sur de Iquique,800500109,Perteneciente,
De Tarapacá,I,Alto Hospicio,Centro de Salud Familiar Dr. Héctor Reyno Gutiérrez,,Perteneciente,Calle Naciones Unidas 3080
De Tarapacá,I,Huara,Centro de Salud Familiar Dr. Amador Neghme Rodríguez,,Perteneciente,
De Tarapacá,I,Camiña,Centro de Salud Familiar Camiña,,Perteneciente,
De Tarapacá,I,Colchane,Centro de Salud Familiar Colchane,,Perteneciente,
De Antofagasta,II,Antofagasta,Centro de Salud Familiar Valdivieso,,Perteneciente,Calle Cerro Pedregal 8755
De Antofagasta,II,Antofagasta,Centro de Salud Familiar Norte de Antofagasta,,Perteneciente,
De Antofagasta,II,Antofagasta,Centro de Salud Familiar Antonio Rendic (Ex Cautín),552656038,Perteneciente,Avenida Rendic 6071
De Antofagasta,II,Antofagasta,Centro de Salud Familiar Corvallis,552656910,Perteneciente,Avenida Salvado Allende 1370
De Antofagasta,II,Antofagasta,Centro de Salud Familiar Centro Sur de Antofagasta,552331110,Perteneciente,Pasaje Niebla 850
De Antofagasta,II,Antofagasta,Centro de Salud Familiar Juan Pablo II de Antofagasta,552656800,Perteneciente,
De Antofagasta,II,Calama,Centro de Salud Familiar Central de Calama,552656050,Perteneciente,
De Antofagasta,II,Calama,Centro de Salud Familiar Montt,552656650,Perteneciente,Avenida Granaderos 3968
De Antofagasta,II,Calama,Centro de Salud Familiar Alemania de Calama,552656891,Perteneciente,Calle Colonia 2611
De Antofagasta,II,Antofagasta,Centro de Salud Familiar Central Oriente de Antofagasta,552655100,Perteneciente,
De Antofagasta,II,Maria Elena,Centro de Salud Familiar María Elena,552265332,Perteneciente,
De Antofagasta,II,San Pedro de Atacama,Centro de Salud Familiar San Pedro Atacama,,Perteneciente,
De Antofagasta,II,Calama,Centro de Salud Familiar Norponiente,552654441,Perteneciente,Calle Luis Emilio Recabarren 3825
De Antofagasta,II,Antofagasta,Centro de Salud Familiar Dra. Maria Cristina Rojas Neumann,552987088,Perteneciente,Calle Hilda Cruz Colina 10130
De Atacama,III,Copiapó,Centro de Salud Familiar Santa Elvira,800500309,Perteneciente,
De Atacama,III,Caldera,Centro de Salud Familiar Rosario Corvalán,,Perteneciente,
De Atacama,III,Copiapó,Centro de Salud Familiar Juan Martínez,800500305,Perteneciente,
De Atacama,III,Copiapó,Centro de Salud Familiar Pedro León Gallo,800500308,Perteneciente,Calle Flora Normilla 1007
De Atacama,III,Copiapó,Centro de Salud Familiar Rosario-Palomar,800500303,Perteneciente,Calle Chacabuco 671
De Atacama,III,Copiapó,Centro de Salud Familiar Candelaria Rosario,800500302,Perteneciente,
De Atacama,III,Copiapó,Centro de Salud Familiar Manuel Rodríguez,522465191,Perteneciente,
De Atacama,III,Copiapó,Centro de Salud Familiar Paipote,800500307,Perteneciente,
De Atacama,III,Tierra Amarilla,Centro de Salud Familiar Dr. Salvador Allende Gossens,522320041,Perteneciente,
De Atacama,III,Chañaral,Centro de Salud Familiar Dr. Luis Herrera,800500301,Perteneciente,
De Atacama,III,Diego de Almagro,Centro de Salud Familiar El Salvador,522449584,Perteneciente,Calle Cobresal 2508
De Atacama,III,Vallenar,Centro de Salud Familiar Estación,512614704,Perteneciente,
De Atacama,III,Freirina,Centro de Salud Familiar Freirina,512518725,Perteneciente,
De Atacama,III,Vallenar,Centro de Salud Familiar Hermanos Carrera,512614705,Perteneciente,
De Atacama,III,Vallenar,Centro de Salud Familiar Baquedano,512614592,Perteneciente,
De Atacama,III,Vallenar,Centro de Salud Familiar Joan Crawford Astudillo,512614561,Perteneciente,
De Atacama,III,Huasco,Centro de Salud Familiar Juan Verdaguer,512539049,Perteneciente,
De Atacama,III,Copiapó,Centro de Salud Familiar Dr. Bernardo Mellibovsky,800500304,Perteneciente,
De Atacama,III,Alto del Carmen,Centro de Salud Familiar Alto del Carmen,512617055,Perteneciente,Calle Jerónimo Godoy 6
De Coquimbo,IV,Illapel,Centro de Salud Familiar Urbano de Illapel,,Perteneciente,Calle El Mirador 211
De Coquimbo,IV,Coquimbo,Centro de Salud Familiar El Sauce,,Perteneciente,"Calle Los Olivos, Sector El Sauce 851"
De Coquimbo,IV,Coquimbo,Centro de Salud Familiar Rural Pan de Azúcar,,Perteneciente,
De Coquimbo,IV,La Serena,Centro de Salud Familiar Cardenal Caro,512296963,Perteneciente,
De Coquimbo,IV,La Serena,Centro de Salud Familiar Las Compañías,512253882,Perteneciente,
De Coquimbo,IV,La Serena,Centro de Salud Familiar Pedro Aguirre Cerda,512253882,Perteneciente,Calle Emilio Bello 918
De Coquimbo,IV,Coquimbo,Centro de Salud Familiar San Juan,512331110,Perteneciente,
De Coquimbo,IV,Coquimbo,Centro de Salud Familiar Santa Cecilia,512321108,Perteneciente,Calle Las Heras 1100
De Coquimbo,IV,Coquimbo,Centro de Salud Familiar Tierras Blancas,512241752,Perteneciente,Calle Linares 915
De Coquimbo,IV,Paiguano,Centro de Salud Familiar Paihuano,512451006,Perteneciente,
De Coquimbo,IV,Monte Patria,Centro de Salud Familiar Monte Patria,532711027,Perteneciente,Calle Poniu 80
De Coquimbo,IV,Punitaqui,Centro de Salud Familiar Punitaqui,532731027,Perteneciente,
De Coquimbo,IV,Canela,Centro de Salud Familiar Canela,532540007,Perteneciente,Calle Joel Muñoz 495
De Coquimbo,IV,Río Hurtado,Centro de Salud Familiar Pichasca,532691634,Perteneciente,
De Coquimbo,IV,Monte Patria,Centro de Salud Familiar Chañaral Alto,532711332,Perteneciente,
De Coquimbo,IV,Monte Patria,Centro de Salud Familiar Carén,532726007,Perteneciente,
De Coquimbo,IV,La Serena,Centro de Salud Familiar Dr. Emilio Schaffhauser,512221087,Perteneciente,
De Coquimbo,IV,La Higuera,Centro de Salud Familiar La Higuera,512331331,Perteneciente,
De Coquimbo,IV,Ovalle,Centro de Salud Familiar Cerrillos de Tamaya,532631005,Perteneciente,
De Coquimbo,IV,Ovalle,Centro de Salud Familiar Jorge Jordán Domic,532624562,Perteneciente,Calle Magallanes Moure 794
De Coquimbo,IV,Monte Patria,Centro de Salud Familiar El Palqui,532711072,Perteneciente,
De Coquimbo,IV,La Serena,Centro de Salud Familiar Cardenal Raúl Silva Henríquez de La Serena,512257782,Perteneciente,
De Coquimbo,IV,Coquimbo,Centro de Salud Familiar Tongoy,,Perteneciente,Calle Fundición Norte 127
De Coquimbo,IV,Ovalle,Centro de Salud Familiar Marcos Macuada,532632535,Perteneciente,Calle Covarrubias 260
De Coquimbo,IV,Coquimbo,Centro de Salud Familiar Dr. Sergio Aguilar Delgado,512325404,Perteneciente,Avenida Alessandri 1035
De Coquimbo,IV,Ovalle,Centro de Salud Familiar Sotaquí,532632792,Perteneciente,
De Coquimbo,IV,La Serena,Centro de Salud Familiar Juan Pablo II,,Perteneciente,Calle Isidora Campaña 3397
De Coquimbo,IV,Illapel,Centro de Salud Familiar Villa San Rafael de Rozas,532528166,Perteneciente,Calle Mario Ahumada 50
De Valparaíso,V,Quilpue,Centro de Salud Familiar Alcalde Iván Manríquez,322333819,Perteneciente,Calle Quinchamalí 2949
De Valparaíso,V,Papudo,Centro de Salud Familiar Papudo,332791129,Perteneciente,Calle El Maitén 19
De Valparaíso,V,Zapallar,Centro de Salud Familiar Dr. Johow Zapallar,332741206,Perteneciente,
De Valparaíso,V,Quilpue,Centro de Salud Familiar Aviador Acevedo,322722154,Perteneciente,
De Valparaíso,V,Quilpue,Centro de Salud Familiar Pompeya,322923617,Perteneciente,
De Valparaíso,V,Llaillay,Centro de Salud Familiar Llaillay,342492806,Perteneciente,Calle San Francisco 76
De Valparaíso,V,Rinconada,Centro de Salud Familiar Rinconada,342492391,Perteneciente,
De Valparaíso,V,San Esteban,Centro de Salud Familiar San Esteban,342492400,Perteneciente,Calle Arturo Prat 312
De Valparaíso,V,Catemu,Centro de Salud Familiar Eduardo Raggio Lanata,342492540,Perteneciente,
De Valparaíso,V,Putaendo,Centro de Salud Familiar Valle de Los Libertadores,342490503,Perteneciente,Avenida Alessandri 196
De Valparaíso,V,San Felipe,Centro de Salud Familiar San Felipe El Real,342492010,Perteneciente,Calle Sargento Cajales 1900
De Valparaíso,V,Los Andes,Centro de Salud Familiar Cordillera Andina (Urbano 2),342508500,Perteneciente,Calle Papudo Norte 151
De Valparaíso,V,Los Andes,Centro de Salud Familiar Centenario,342492550,Perteneciente,Avenida Perú 487
De Valparaíso,V,Calle Larga,Centro de Salud Familiar Pedro Aguirre Cerda,342493050,Perteneciente,Calle La Pampilla 164
De Valparaíso,V,Santa Maria,Centro de Salud Familiar Santa María,342582160,Perteneciente,Calle Irarrázabal 246
De Valparaíso,V,San Felipe,Centro de Salud Familiar Curimón,342492690,Perteneciente,Calle Plaza de Curimón 45
De Valparaíso,V,Panquehue,Centro de Salud Familiar Panquehue,342492640,Perteneciente,
De Valparaíso,V,San Felipe,Centro de Salud Familiar Dr. Segismundo Iturra Taito,342507300,Perteneciente,Avenida Santa Teresa 370
De Valparaíso,V,Valparaiso,Centro de Salud Familiar Placeres,800500513,Perteneciente,
De Valparaíso,V,Valparaiso,Centro de Salud Familiar Esperanza,800500509,Perteneciente,Calle Galvarino 7
De Valparaíso,V,Valparaiso,Centro de Salud Familiar Barón,800500507,Perteneciente,Calle Blanco Viel 661
De Valparaíso,V,Valparaiso,Centro de Salud Familiar Reina Isabel II,800500512,Perteneciente,Avenida Washington 1926
De Valparaíso,V,Valparaiso,Centro de Salud Familiar Placilla,800500510,Perteneciente,
De Valparaíso,V,Valparaiso,Centro de Salud Familiar Jean y Marie Thierry,322571650,Perteneciente,Calle Blas Cuevas 985
De Valparaíso,V,Valparaiso,Centro de Salud Familiar Las Cañas,800500511,Perteneciente,
De Valparaíso,V,Valparaiso,Centro de Salud Familiar Marcelo Mena,800500512,Perteneciente,Avenida Alemania 5360
De Valparaíso,V,Valparaiso,Centro de Salud Familiar Plaza Justicia,800500523,Perteneciente,Calle Plaza Justicia 99
De Valparaíso,V,Valparaiso,Centro de Salud Familiar Cordillera,800500508,Perteneciente,Calle Castillo 656
De Valparaíso,V,Valparaiso,Centro de Salud Familiar Quebrada Verde,322571503,Perteneciente,Calle Quebrada Verde 1405
De Valparaíso,V,Valparaiso,Centro de Salud Familiar Puertas Negras,800500514,Perteneciente,
De Valparaíso,V,San Antonio,Centro de Salud Familiar San Antonio,800500521,Perteneciente,Calle Lucía Subercaseux 116
De Valparaíso,V,San Antonio,Centro de Salud Familiar Barrancas,800500520,Perteneciente,Calle Barros Luco 2370
De Valparaíso,V,Cartagena,Centro de Salud Familiar Cartagena,,Perteneciente,Calle Crescente Errázuriz 665
De Valparaíso,V,Algarrobo,Centro de Salud Familiar Algarrobo,800500550,Perteneciente,Calle El Retamo 2249
De Valparaíso,V,El Quisco,Centro de Salud Familiar El Quisco,352471147,Perteneciente,Calle Isidoro Dubornais 250
De Valparaíso,V,San Antonio,Centro de Salud Familiar Néstor Fernández Thomas,800500505,Perteneciente,Calle José Miguel Carrera 1015
De Valparaíso,V,Valparaiso,Centro de Salud Familiar San José de Rodelillo,800500517,Perteneciente,Pasaje La Merced 4350
De Valparaíso,V,San Antonio,Centro de Salud Familiar Treinta de Marzo,800500519,Perteneciente,Calle Brockman 1700
De Valparaíso,V,Valparaiso,Centro de Salud Familiar Padre Damián Molokai,800500518,Perteneciente,Calle Cabritería Norte 2055
De Valparaíso,V,San Antonio,Centro de Salud Familiar Diputado Manuel Bustos Huerta,342423061,Perteneciente,Avenida Reinaldo Barahona 1150
De Valparaíso,V,Santo Domingo,Centro de Salud Familiar Rocas de Santo Domingo,352442905,Perteneciente,Calle Las Hortensias 146
De Valparaíso,V,El Tabo,Centro de Salud Familiar El Tabo,352461594,Perteneciente,Avenida San Marcos 729
De Valparaíso,V,Juan Fernández,Centro de Salud Familiar Juan Fernández,,Perteneciente,Calle Vicente González 225
De Valparaíso,V,Viña del Mar,Centro de Salud Familiar Nueva Aurora,322611419,Perteneciente,
De Valparaíso,V,Viña del Mar,Centro de Salud Familiar Profesor Eugenio Cienfuegos,322780262,Perteneciente,
De Valparaíso,V,Viña del Mar,Centro de Salud Familiar Miraflores,322647890,Perteneciente,
De Valparaíso,V,Viña del Mar,Centro de Salud Familiar Gómez Carreño,322832319,Perteneciente,Calle 19 Poniente 5650
De Valparaíso,V,Viña del Mar,Centro de Salud Familiar Marco Maldonado,322272361,Perteneciente,Calle Álvarez 1682
De Valparaíso,V,Con Con,Centro de Salud Familiar Concón,322813872,Perteneciente,Calle Chañarcillo 1150
De Valparaíso,V,Quilpue,Centro de Salud Familiar Quilpué,322721502,Perteneciente,Calle Covadonga 1490
De Valparaíso,V,Quilpue,Centro de Salud Familiar El Belloto,322928691,Perteneciente,
De Valparaíso,V,Villa Alemana,Centro de Salud Familiar Villa Alemana,322952487,Perteneciente,Avenida Quinta 32
De Valparaíso,V,Quillota,Centro de Salud Familiar Dr. Miguel Concha,332291285,Perteneciente,Calle Maipú 902
De Valparaíso,V,Quillota,Centro de Salud Familiar Cardenal Raúl Silva Henríquez,332319757,Perteneciente,
De Valparaíso,V,La Cruz,Centro de Salud Familiar La Cruz,332294743,Perteneciente,Avenida 21 de Mayo 5010
De Valparaíso,V,Viña del Mar,Centro de Salud Familiar Lusitania,322272342,Perteneciente,Calle García Lorca 101
De Valparaíso,V,Puchuncaví,Centro de Salud Familiar Ventanas,322571900,Perteneciente,
De Valparaíso,V,Puchuncaví,Centro de Salud Familiar Puchuncaví,322575000,Perteneciente,
De Valparaíso,V,Olmué,Centro de Salud Familiar Manuel Lucero,332441138,Perteneciente,Calle Lo Rojas 2250
De Valparaíso,V,Quillota,Centro de Salud Familiar Boco,332294889,Perteneciente,
De Valparaíso,V,Quillota,Centro de Salud Familiar San Pedro,332293150,Perteneciente,
De Valparaíso,V,Quillota,Centro de Salud Familiar La Palma,332294765,Perteneciente,
De Valparaíso,V,Calera,Centro de Salud Familiar Artificio,332333365,Perteneciente,Calle Camilo Henríquez 88
De Valparaíso,V,Hijuelas,Centro de Salud Familiar Hijuelas,332271125,Perteneciente,Calle Manuel Rodríguez 465
De Valparaíso,V,Nogales,Centro de Salud Familiar Nogales,332294901,Perteneciente,
De Valparaíso,V,Nogales,Centro de Salud Familiar UE Rosa Sanchez G. El Melón,332280256,Perteneciente,Calle Gustavo Filippi Murato 601
De Valparaíso,V,Viña del Mar,Centro de Salud Familiar Dr. Juan Carlos Baeza,800500740,Perteneciente,Avenida Tamarugal 350
De Valparaíso,V,Viña del Mar,Centro de Salud Familiar Brígida Zavala,322581776,Perteneciente,Calle Blanca Vergara 1794
De Valparaíso,V,Viña del Mar,Centro de Salud Familiar Las Torres,800500870,Perteneciente,
De Valparaíso,V,Villa Alemana,Centro de Salud Familiar Eduardo Frei Montalva,800500531,Perteneciente,
De Valparaíso,V,Petorca,Centro de Salud Familiar Chincolco,332292950,Perteneciente,
De Valparaíso,V,Villa Alemana,Centro de Salud Familiar Juan Bautista Bravo Vega,322941176,Perteneciente,Calle Las Araucarias 750
De Valparaíso,V,Viña del Mar,Centro de Salud Familiar Reñaca Alto Dr. Jorge Kaplan,322873368,Perteneciente,Avenida Quinta 875
De Valparaíso,V,La Ligua,Centro de Salud Familiar Raúl Sánchez Bañados,,Perteneciente,Calle Papudo 655
Metropolitana de Santiago,RM,Providencia,Centro de Salud Familiar Dr. Hernán Alessandri,227064300,Perteneciente,Calle Los Jesuitas 857
Metropolitana de Santiago,RM,Providencia,Centro de Salud Familiar Dr. Alfonso Leng,222359166,Perteneciente,Avenida Manuel Montt 303
Metropolitana de Santiago,RM,Providencia,Centro de Salud Familiar Aguilucho,222743516,Perteneciente,Calle El Aguilucho 3292
Metropolitana de Santiago,RM,Las Condes,Centro de Salud Familiar Apoquindo,227305000,Perteneciente,Calle Cerro Altar 6611
Metropolitana de Santiago,RM,Las Condes,Centro de Salud Familiar Aníbal Ariztía,227305500,Perteneciente,Calle Paúl Harris 1140
Metropolitana de Santiago,RM,Lo Barnechea,Centro de Salud Familiar Lo Barnechea,227573442,Perteneciente,Avenida El Rodeo 13533
Metropolitana de Santiago,RM,Vitacura,Centro de Salud Familiar Vitacura,800500389,Perteneciente,Calle Indiana 1195
Metropolitana de Santiago,RM,Ñuñoa,Centro de Salud Familiar Rosita Renard,225751100,Perteneciente,Calle Las Encinas 2801
Metropolitana de Santiago,RM,Ñuñoa,Centro de Salud Familiar Salvador Bustos,225752450,Perteneciente,Avenida Grecia 4369
Metropolitana de Santiago,RM,Macul,Centro de Salud Familiar Félix de Amesti,227192800,Perteneciente,Calle El Líbano 5557
Metropolitana de Santiago,RM,Macul,Centro de Salud Familiar Santa Julia,226591713,Perteneciente,Calle Santa Julia 2309
Metropolitana de Santiago,RM,Peñalolén,Centro de Salud Familiar La Faena,229397200,Perteneciente,Avenida Oriental 7250
Metropolitana de Santiago,RM,Peñalolén,Centro de Salud Familiar San Luis,229397311,Perteneciente,Calle La Pradera 5370
Metropolitana de Santiago,RM,Peñalolén,Centro de Salud Familiar Carol Urzúa Ibáñez,229397100,Perteneciente,Avenida Consistorial 1960
Metropolitana de Santiago,RM,La Reina,Centro de Salud Familiar Ossandon,226517295,Perteneciente,Calle Echenique 8419
Metropolitana de Santiago,RM,Peñalolén,Centro de Salud Familiar Lo Hermida,229397400,Perteneciente,Calle Coronel Alejandro Sepúlveda 6931
Metropolitana de Santiago,RM,Macul,Centro de Salud Familiar Padre Alberto Hurtado,225739500,Perteneciente,Calle Arturo Prat 4345
Metropolitana de Santiago,RM,La Reina,Centro de Salud Familiar Juan Pablo II,224816388,Perteneciente,Calle Parinacota 440
Metropolitana de Santiago,RM,Peñalolén,Centro de Salud Familiar Cardenal Silva Henríquez,229397500,Perteneciente,Calle Río Claro 1020
Metropolitana de Santiago,RM,Peñalolén,Centro de Salud Familiar Padre Gerardo Whelan,229397600,Perteneciente,Avenida Litoral 5960
Metropolitana de Santiago,RM,San Miguel,Centro de Salud Familiar Barros Luco,224063400,Perteneciente,Calle Ángel Guarello 1319
Metropolitana de Santiago,RM,San Joaquín,Centro de Salud Familiar San Joaquín,800500471,Perteneciente,Calle Francisca de Rimini 3223
Metropolitana de Santiago,RM,San Miguel,Centro de Salud Familiar Recreo,225761436,Perteneciente,Calle Varas Mena 785
Metropolitana de Santiago,RM,Pedro Aguirre Cerda,Centro de Salud Familiar Amador Neghme,800500462,Perteneciente,Calle Alhué 2085
Metropolitana de Santiago,RM,Pedro Aguirre Cerda,Centro de Salud Familiar Villa Sur,225214665,Perteneciente,Calle Clotario Blest 6035
Metropolitana de Santiago,RM,San Joaquín,Centro de Salud Familiar Arturo Baeza Goñi,225760800,Perteneciente,Calle Álvarez de Toledo 399
Metropolitana de Santiago,RM,Pedro Aguirre Cerda,Centro de Salud Familiar Padre Pierre Dubois (Ex La Feria),225760800,Perteneciente,Calle Los Comandos 4772
Metropolitana de Santiago,RM,La Granja,Centro de Salud Familiar Padre Esteban Gumucio,225250363,Perteneciente,Avenida Central 281
Metropolitana de Santiago,RM,Lo Espejo,Centro de Salud Familiar Clara Estrella,800500459,Perteneciente,Calle Putre 6868
Metropolitana de Santiago,RM,Lo Espejo,Centro de Salud Familiar Julio Acuña Pinzón,800500460,Perteneciente,Avenida Central Raúl Silva Henríquez 8260
Metropolitana de Santiago,RM,Lo Espejo,Centro de Salud Familiar Dra. Mariela Salgado Zepeda,,Perteneciente,Calle José María Caro 3849
Metropolitana de Santiago,RM,La Cisterna,Centro de Salud Familiar Santa Anselma,800500457,Perteneciente,Calle Fernando de Aragón 8365
Metropolitana de Santiago,RM,El Bosque,Centro de Salud Familiar Dr. Carlos Lorca Tobar,225470523,Perteneciente,Calle Claudina Parra 11028
Metropolitana de Santiago,RM,San Bernardo,Centro de Salud Familiar Raúl Cuevas (Ex-San Bernardo),225769920,Perteneciente,Calle San Alfonso 1202
Metropolitana de Santiago,RM,El Bosque,Centro de Salud Familiar Cóndores de Chile,800500452,Perteneciente,Calle Agusto D`Almar 555
Metropolitana de Santiago,RM,San Bernardo,Centro de Salud Familiar Confraternidad,800500466,Perteneciente,Calle Martín de Solís 14210
Metropolitana de Santiago,RM,San Bernardo,Centro de Salud Familiar Carol Urzúa de San Bernardo,225761251,Perteneciente,Calle Loncomilla 958
Metropolitana de Santiago,RM,El Bosque,Centro de Salud Familiar Santa Laura,800500453,Perteneciente,Calle Indio Gerónimo 10460
Metropolitana de Santiago,RM,Paine,Centro de Salud Familiar Dr. Miguel Ángel Solar (ex CESFAM Paine),,Perteneciente,Avenida General Baquedano 214
Metropolitana de Santiago,RM,Paine,Centro de Salud Familiar Dr. Raúl Moya,,Perteneciente,
Metropolitana de Santiago,RM,Buin,Centro de Salud Familiar Maipo,228221180,Perteneciente,
Metropolitana de Santiago,RM,Calera de Tango,Centro de Salud Familiar Calera de Tango,228557292,Perteneciente,
Metropolitana de Santiago,RM,San Joaquín,Centro de Salud Familiar Santa Teresa de Los Andes,225761153,Perteneciente,Calle Gustavo Campaña 5380
Metropolitana de Santiago,RM,El Bosque,Centro de Salud Familiar Dr. Mario Salcedo,,Perteneciente,Pasaje Mar Báltico 13256
Metropolitana de Santiago,RM,El Bosque,Centro de Salud Familiar Dra. Haydeé López Casoou,225761451,Perteneciente,Calle Lo Martínez 862
Metropolitana de Santiago,RM,La Cisterna,Centro de Salud Familiar Eduardo Frei Montalva,225760900,Perteneciente,Avenida Ossa 140
Metropolitana de Santiago,RM,San Bernardo,Centro de Salud Familiar Joan Alsina,,Perteneciente,Calle Márquez de la Plata 5
Metropolitana de Santiago,RM,El Bosque,Centro de Salud Familiar Canciller Orlando Letelier,800500454,Perteneciente,Calle Lo Moreno 890
Metropolitana de Santiago,RM,San Bernardo,Centro de Salud Familiar Raúl Brañes F.,,Perteneciente,Avenida Carlos Condell 1036
Metropolitana de Santiago,RM,Pedro Aguirre Cerda,Centro de Salud Familiar Edgardo Enríquez Froeden,800500464,Perteneciente,Avenida Clotario Blest 2650
Metropolitana de Santiago,RM,San Bernardo,Centro de Salud Familiar Juan Pablo II,228592168,Perteneciente,Calle Santa Marta 276
Metropolitana de Santiago,RM,Buin,Centro de Salud Familiar Alto Jahuel,,Perteneciente,
Metropolitana de Santiago,RM,Calera de Tango,Centro de Salud Familiar Los Bajos de San Agustín,228551600,Perteneciente,
Metropolitana de Santiago,RM,Buin,Centro de Salud Familiar Héctor García,800500475,Perteneciente,Calle Errázuriz 703
Metropolitana de Santiago,RM,San Bernardo,Centro de Salud Familiar El Manzano,225761241,Perteneciente,Calle Camino Santa Teresa 1876
Metropolitana de Santiago,RM,Lo Espejo,Centro de Salud Familiar Pueblo Lo Espejo,,Perteneciente,Avenida Lo Espejo 2891
Metropolitana de Santiago,RM,Renca,Centro de Salud Familiar Huamachuco,225743850,Perteneciente,Calle Las Margaritas 2466
Metropolitana de Santiago,RM,Padre Hurtado,Centro de Salud Familiar Juan Pablo II de Padre Hurtado,225746300,Perteneciente,Calle 2ª Transversal 1657
Metropolitana de Santiago,RM,Peñaflor,Centro de Salud Familiar Dr. Fernando Monckeberg,225745750,Perteneciente,Calle La Concepción 73
Metropolitana de Santiago,RM,El Monte,Centro de Salud Familiar El Monte,225743103,Perteneciente,Avenida Los Libertadores 531
Metropolitana de Santiago,RM,Isla de Maipo,Centro de Salud Familiar Isla de Maipo,225744350,Perteneciente,Calle Manuel Rodríguez 1001
Metropolitana de Santiago,RM,Melipilla,Centro de Salud Familiar Dr. Edelberto Elgueta,225743550,Perteneciente,Calle Arza 1576
Metropolitana de Santiago,RM,Melipilla,Centro de Salud Familiar Dr. Francisco Boris Soler,225745310,Perteneciente,Calle Silvia Chávez 1650
Metropolitana de Santiago,RM,Melipilla,Centro de Salud Familiar San Manuel,225745500,Perteneciente,
Metropolitana de Santiago,RM,Melipilla,Centro de Salud Familiar Alfarera Rosa Reyes Vilches,,Perteneciente,Calle Artesana Julita Vera 354
Metropolitana de Santiago,RM,Maria Pinto,Centro de Salud Familiar Adriana Madrid De Costabal,225745000,Perteneciente,Calle Francisco Costabal 78
Metropolitana de Santiago,RM,San Pedro,Centro de Salud Familiar San Pedro,228326747,Perteneciente,Avenida Hermosilla 11
Metropolitana de Santiago,RM,Talagante,Centro de Salud Familiar Dr. Alberto Allende Jones,225919106,Perteneciente,Calle Esmeralda 2049
Metropolitana de Santiago,RM,Alhué,Centro de Salud Familiar Villa Alhué,225760105,Perteneciente,
Metropolitana de Santiago,RM,Isla de Maipo,Centro de Salud Familiar La Islita,,Perteneciente,"Calle Río Maipo, Villa El Maitén, La Islita 4517"
Metropolitana de Santiago,RM,Estación Central,Centro de Salud Familiar Santiago Occidente de Carabineros de Chile,229122700,No Perteneciente,Avenida Gladys 6701
Metropolitana de Santiago,RM,Santiago,Centro de Salud Familiar N° 1 Dr. Ramón Corbalán Melgarejo,800500357,Perteneciente,Calle Copiapó 1323
Metropolitana de Santiago,RM,Santiago,Centro de Salud Familiar Nº 5,225748400,Perteneciente,Calle Unión Latinoamericana 98
Metropolitana de Santiago,RM,Estación Central,Centro de Salud Familiar Padre Vicente Irarrázabal,225746400,Perteneciente,Calle 21 de Mayo 1854
Metropolitana de Santiago,RM,Pedro Aguirre Cerda,Centro de Salud Familiar Lo Valledor Norte,225747700,Perteneciente,Avenida Central 4000
Metropolitana de Santiago,RM,Maipu,Centro de Salud Familiar Maipú,800500354,Perteneciente,Avenida Ramón Freire 2470
Metropolitana de Santiago,RM,Cerrillos,Centro de Salud Familiar Dr. Norman Voulliéme,225746650,Perteneciente,Calle Salomón Sack 6376
Metropolitana de Santiago,RM,Estación Central,Centro de Salud Familiar San José de Chuchunco,225746800,Perteneciente,Calle Coihaique 6025
Metropolitana de Santiago,RM,Cerrillos,Centro de Salud Familiar Enfermera Sofía Pincheira,225747800,Perteneciente,Avenida Las Torres 7590
Metropolitana de Santiago,RM,Maipu,Centro de Salud Familiar Dr. José Eduardo Ahués Salame,225742750,Perteneciente,Avenida Independencia 2200
Metropolitana de Santiago,RM,Maipu,Centro de Salud Familiar Dra. Ana María Juricic,225144154,Perteneciente,Calle El Conquistador 1841
Metropolitana de Santiago,RM,Estación Central,Centro de Salud Familiar Las Mercedes,,Perteneciente,Calle Embajador Quintana 5020
Metropolitana de Santiago,RM,Santiago,Centro de Salud Familiar Padre Orellana,225443335,Perteneciente,Calle Padre Orellana 1706
Metropolitana de Santiago,RM,Santiago,Centro de Salud Familiar Arauco,,Perteneciente,Calle Sepúlveda Leyton 3288
Metropolitana de Santiago,RM,Santiago,Centro de Salud Familiar Dr. Benjamín Viel,225541015,Perteneciente,Calle San Ignacio 1217
Metropolitana de Santiago,RM,Maipu,Centro de Salud Familiar Dr. Iván Insunza,222750375,Perteneciente,Calle Mar de Chile 491
Metropolitana de Santiago,RM,Maipu,Centro de Salud Familiar Clotario Blest,,Perteneciente,Calle Los Trabajadores 999
Metropolitana de Santiago,RM,Maipu,Centro de Salud Familiar Dr. Carlos Godoy,222562067,Perteneciente,Avenida El Conquistador 1565
Metropolitana de Santiago,RM,Santiago,Centro de Salud Familiar Ignacio Domeyko,225747650,Perteneciente,Calle Cueto 543
Metropolitana de Santiago,RM,Maipu,Centro de Salud Familiar Presidenta Michelle Bachelet,225742750,Perteneciente,Calle Nueva San Martín 776
Metropolitana de Santiago,RM,Maipu,Centro de Salud Familiar Dr. Luis Ferrada,226776941,Perteneciente,Calle Tierra Fértil 5161
Metropolitana de Santiago,RM,Puente Alto,Centro de Salud Familiar Dr. Alejandro del Río,222454101,Perteneciente,Calle Gandarillas 105
Metropolitana de Santiago,RM,La Florida,Centro de Salud Familiar Los Castaños,225760450,Perteneciente,Calle Diagonal Los Castaños 5820
Metropolitana de Santiago,RM,La Florida,Centro de Salud Familiar Bellavista,226115900,Perteneciente,Calle Froilan Roa 6420
Metropolitana de Santiago,RM,La Florida,Centro de Salud Familiar Villa O'Higgins,222816402,Perteneciente,Calle Santa Julia 870
Metropolitana de Santiago,RM,La Florida,Centro de Salud Familiar Los Quillayes,222819698,Perteneciente,Calle Julio César 10905
Metropolitana de Santiago,RM,La Granja,Centro de Salud Familiar La Granja,225760250,Perteneciente,Avenida San Gregorio 28
Metropolitana de Santiago,RM,San Ramón,Centro de Salud Familiar La Bandera,225592932,Perteneciente,Calle Vicuña Mackenna 1758
Metropolitana de Santiago,RM,La Pintana,Centro de Salud Familiar San Rafael,225453392,Perteneciente,Avenida Porto Alegre 12577
Metropolitana de Santiago,RM,La Pintana,Centro de Salud Familiar Pablo de Rokha,225453393,Perteneciente,Calle Pedro Prado 12221
Metropolitana de Santiago,RM,Pirque,Centro de Salud Familiar Dr. José Manuel Balmaceda,223858576,Perteneciente,Avenida Ramón Subercaseaux 87
Metropolitana de Santiago,RM,La Pintana,Centro de Salud Familiar Santiago de Nueva Extremadura,225750054,Perteneciente,Avenida Juanita 13558
Metropolitana de Santiago,RM,Puente Alto,Centro de Salud Familiar San Gerónimo,224854351,Perteneciente,Calle San Pedro 1203
Metropolitana de Santiago,RM,Puente Alto,Centro de Salud Familiar Vista Hermosa,224344485,Perteneciente,Calle Los Pinos 275
Metropolitana de Santiago,RM,San Ramón,Centro de Salud Familiar Dr. Salvador Allende (Ex Consultorio San Ramón),225464191,Perteneciente,Calle Los Claveles 8097
Metropolitana de Santiago,RM,La Granja,Centro de Salud Familiar Malaquías Concha,225269103,Perteneciente,Avenida Linares 585
Metropolitana de Santiago,RM,La Florida,Centro de Salud Familiar Dr. Fernando Maffioletti,225760350,Perteneciente,Avenida Central 301
Metropolitana de Santiago,RM,La Pintana,Centro de Salud Familiar Santo Tomás,225417292,Perteneciente,Calle Santo Tomás 987
Metropolitana de Santiago,RM,La Pintana,Centro de Salud Familiar Flor Fernández,225428211,Perteneciente,Avenida Ciudad de México 1503
Metropolitana de Santiago,RM,La Pintana,Centro de Salud Familiar El Roble,225433488,Perteneciente,Avenida Observatorio 1777
Metropolitana de Santiago,RM,Puente Alto,Centro de Salud Familiar Bernardo Leighton,224854250,Perteneciente,Calle Miguel Ángel 1929
Metropolitana de Santiago,RM,Puente Alto,Centro de Salud Familiar Cardenal Silva Henríquez,224854202,Perteneciente,Calle San Pedro 3345
Metropolitana de Santiago,RM,Puente Alto,Centro de Salud Familiar Padre Manuel Villaseca,224854301,Perteneciente,Calle Luis Matte Larraín 2312
Metropolitana de Santiago,RM,Puente Alto,Centro de Salud Familiar Madre Teresa de Calcuta (Organizaciones sin fines de lucro y ONG),228515215,Perteneciente,Avenida Circunvalación 1815
Metropolitana de Santiago,RM,La Florida,Centro de Salud Familiar Santa Amalia,222816900,Perteneciente,Calle Santa Amalia 202
Metropolitana de Santiago,RM,La Granja,Centro de Salud Familiar Granja Sur,225412443,Perteneciente,Avenida Sofía Eastman 10009
Metropolitana de Santiago,RM,Puente Alto,Centro de Salud Familiar Karol Wojtyla,224854500,Perteneciente,Calle Curaco de Vélez 4110
Metropolitana de Santiago,RM,La Pintana,Centro de Salud Familiar Juan Pablo II,224822410,Perteneciente,
Metropolitana de Santiago,RM,San Ramón,Centro de Salud Familiar Poetisa Gabriela Mistral,225765551,Perteneciente,Calle Aurora de Chile 9872
Metropolitana de Santiago,RM,Puente Alto,Centro de Salud Familiar San Alberto Hurtado,225879310,Perteneciente,Avenida San Carlos 1693
Metropolitana de Santiago,RM,La Florida,Centro de Salud Familiar Trinidad,222910291,Perteneciente,Calle Uno 10021
Metropolitana de Santiago,RM,La Florida,Centro de Salud Familiar La Florida,222854792,Perteneciente,Avenida La Florida 6015
Metropolitana de Santiago,RM,Puente Alto,Centro de Salud Familiar Laurita Vicuña,224854600,Perteneciente,Avenida Ejército Libertador 2433
Metropolitana de Santiago,RM,La Florida,Centro de Salud Familiar José Alvo,223783279,Perteneciente,Avenida Bacteriológico 10817
Metropolitana de Santiago,RM,Independencia,Centro de Salud Familiar Agustín Cruz Melo,227355547,Perteneciente,Avenida Independencia 1325
Metropolitana de Santiago,RM,Recoleta,Centro de Salud Familiar Recoleta,225751600,Perteneciente,Avenida Recoleta 740
Metropolitana de Santiago,RM,Conchalí,Centro de Salud Familiar Lucas Sierra,800500153,Perteneciente,Calle Pedro Fontova 4107
Metropolitana de Santiago,RM,Recoleta,Centro de Salud Familiar Quinta Bella,800500161,Perteneciente,Calle Justicia Social 185
Metropolitana de Santiago,RM,Recoleta,Centro de Salud Familiar Valdivieso,225751250,Perteneciente,Calle Los Cipreses 1892
Metropolitana de Santiago,RM,Huechuraba,Centro de Salud Familiar La Pincoya,800500157,Perteneciente,Avenida Recoleta 5580
Metropolitana de Santiago,RM,Recoleta,Centro de Salud Familiar Dr. Juan Petrinovic (Ex Scroggie),225750792,Perteneciente,Calle Teniente Colipí 670
Metropolitana de Santiago,RM,Conchalí,Centro de Salud Familiar Alberto Bachelet Martínez,800500154,Perteneciente,Calle El Guanaco 3250
Metropolitana de Santiago,RM,Conchalí,Centro de Salud Familiar José Symon Ojeda,226231674,Perteneciente,Calle El Cortijo 2895
Metropolitana de Santiago,RM,Colina,Centro de Salud Familiar Colina,800500151,Perteneciente,Calle Alpatacal 540
Metropolitana de Santiago,RM,Lampa,Centro de Salud Familiar José Bauza Frau,228421039,Perteneciente,Calle Ismael Carmona 978
Metropolitana de Santiago,RM,Lampa,Centro de Salud Familiar Batuco,225751581,Perteneciente,Calle Santa Elena 180
Metropolitana de Santiago,RM,Quilicura,Centro de Salud Familiar Irene Frei de Cid,226272445,Perteneciente,Calle San Luis 525
Metropolitana de Santiago,RM,Conchalí,Centro de Salud Familiar Juanita Aguirre,225750350,Perteneciente,Calle Altona 1835
Metropolitana de Santiago,RM,Quilicura,Centro de Salud Familiar Manuel Bustos Huerta,226271398,Perteneciente,Avenida Lo Cruzat 486
Metropolitana de Santiago,RM,Colina,Centro de Salud Familiar Esmeralda,225751450,Perteneciente,
Metropolitana de Santiago,RM,Huechuraba,Centro de Salud Familiar El Barrero,800500156,Perteneciente,Calle Las Petunias 305
Metropolitana de Santiago,RM,Tiltil,Centro de Salud Familiar Huertos Familiares,225751450,Perteneciente,Calle 4 Oriente 221
Metropolitana de Santiago,RM,Independencia,Centro de Salud Familiar Juan Antonio Ríos,,Perteneciente,Calle Soberanía 1180
Metropolitana de Santiago,RM,Huechuraba,Centro de Salud Familiar Dr. Salvador Allende Gossens,227198200,Perteneciente,Avenida Recoleta 6061
Metropolitana de Santiago,RM,Quilicura,Centro de Salud Familiar Presidente Salvador Allende Gossens,226072180,Perteneciente,Calle Santa Luisa 290
Metropolitana de Santiago,RM,Recoleta,Centro de Salud Familiar Cristo Vive (ONG),226226380,Perteneciente,Avenida Recoleta 4125
Metropolitana de Santiago,RM,Peñaflor,Centro de Salud Familiar Peñaflor,,Perteneciente,Calle Costa Rica 1000
Metropolitana de Santiago,RM,Quinta Normal,Centro de Salud Familiar Andes,800500270,Perteneciente,Calle Andes 4242
Metropolitana de Santiago,RM,Lo Prado,Centro de Salud Familiar Santa Anita,225743051,Perteneciente,Calle San Pablo 5597
Metropolitana de Santiago,RM,Lo Prado,Centro de Salud Familiar Pablo Neruda,225751450,Perteneciente,Calle Dorsal 6741
Metropolitana de Santiago,RM,Quinta Normal,Centro de Salud Familiar Lo Franco,225742454,Perteneciente,Calle Carrascal 4459
Metropolitana de Santiago,RM,Quinta Normal,Centro de Salud Familiar Garín,227731691,Perteneciente,Calle Janequeo 5612
Metropolitana de Santiago,RM,Cerro Navia,Centro de Salud Familiar Dr. Adalberto Steeger,225744050,Perteneciente,Calle Huelén 1629
Metropolitana de Santiago,RM,Cerro Navia,Centro de Salud Familiar Lo Amor,,Perteneciente,Calle Neptuno 2198
Metropolitana de Santiago,RM,Cerro Navia,Centro de Salud Familiar Cerro Navia,225742900,Perteneciente,Calle Sado 7965
Metropolitana de Santiago,RM,Lo Prado,Centro de Salud Familiar Dr. Raúl Yazigi,800500256,Perteneciente,Calle Caleta Iquique 214
Metropolitana de Santiago,RM,Lo Prado,Centro de Salud Familiar Dr. Carlos Avendaño,225744802,Perteneciente,Calle Teniente Cruz 1087
Metropolitana de Santiago,RM,Pudahuel,Centro de Salud Familiar Pudahuel Estrella,225744150,Perteneciente,Avenida La Estrella 1115
Metropolitana de Santiago,RM,Pudahuel,Centro de Salud Familiar Pudahuel Poniente,225745103,Perteneciente,Calle San Pablo 9152
Metropolitana de Santiago,RM,Pudahuel,Centro de Salud Familiar Dr. Gustavo Molina,225743950,Perteneciente,Calle Laguna Sur 8759
Metropolitana de Santiago,RM,Pudahuel,Centro de Salud Familiar Cardenal Raúl Silva Henríquez,800500409,Perteneciente,Avenida El Tranque 1382
Metropolitana de Santiago,RM,Pudahuel,Centro de Salud Familiar Violeta Parra,227490363,Perteneciente,Avenida Travesía 8457
Metropolitana de Santiago,RM,Cerro Navia,Centro de Salud Familiar Dr. Arturo Albertz,225743653,Perteneciente,Calle Las Torres 1204
Metropolitana de Santiago,RM,Renca,Centro de Salud Familiar Renca,225745150,Perteneciente,Calle Balmaceda 4420
Metropolitana de Santiago,RM,Renca,Centro de Salud Familiar Bicentenario,,Perteneciente,Avenida Brasil 8005
Metropolitana de Santiago,RM,Renca,Centro de Salud Familiar Dr. Hernán Urzúa Merino,225742800,Perteneciente,Calle Totoral Bajo 1011
Del Libertador Gral. B. O'Higgins,VI,San Vicente,Centro de Salud Familiar San Vicente de Tagua Tagua,722342050,Perteneciente,Avenida Central 460
Del Libertador Gral. B. O'Higgins,VI,Rancagua,Centro de Salud Familiar N° 1 Dr. Enrique Dintrans,722222750,Perteneciente,
Del Libertador Gral. B. O'Higgins,VI,Rancagua,Centro de Salud Familiar N° 2 Dr. Eduardo Geyter,722335991,Perteneciente,
Del Libertador Gral. B. O'Higgins,VI,Rancagua,Centro de Salud Familiar N° 3 Dr. Abel Zapata,722335050,Perteneciente,
Del Libertador Gral. B. O'Higgins,VI,Rancagua,Centro de Salud Familiar N° 4 Dra. María Latiffe,722336050,Perteneciente,
Del Libertador Gral. B. O'Higgins,VI,Rancagua,Centro de Salud Familiar N° 5 Dr. Juan Chiorrini,722261001,Perteneciente,
Del Libertador Gral. B. O'Higgins,VI,Machalí,Centro de Salud Familiar Dr. Osvaldo Ruz Orrego,722204957,Perteneciente,Calle Castro 398
Del Libertador Gral. B. O'Higgins,VI,Mostazal,Centro de Salud Familiar San Francisco Mostazal,722335537,Perteneciente,
Del Libertador Gral. B. O'Higgins,VI,Codegua,Centro de Salud Familiar Codegua,722335740,Perteneciente,Calle O'Higgins 376
Del Libertador Gral. B. O'Higgins,VI,Doñihue,Centro de Salud Familiar Doñihue,800500604,Perteneciente,
Del Libertador Gral. B. O'Higgins,VI,Coltauco,Centro de Salud Familiar Francisco Labrin,722338580,Perteneciente,
Del Libertador Gral. B. O'Higgins,VI,Requínoa,Centro de Salud Familiar Requínoa,722336040,Perteneciente,
Del Libertador Gral. B. O'Higgins,VI,Las Cabras,Centro de Salud Familiar Las Cabras,722501477,Perteneciente,Calle John Kennedy 506
Del Libertador Gral. B. O'Higgins,VI,Quinta de Tilcoco,Centro de Salud Familiar Quinta de Tilcoco,722335491,Perteneciente,Avenida Castro 299
Del Libertador Gral. B. O'Higgins,VI,Peralillo,Centro de Salud Familiar Peralillo,722336442,Perteneciente,
Del Libertador Gral. B. O'Higgins,VI,La Estrella,Centro de Salud Familiar La Estrella,722335750,Perteneciente,
Del Libertador Gral. B. O'Higgins,VI,Chepica,Centro de Salud Familiar Chépica,722817229,Perteneciente,
Del Libertador Gral. B. O'Higgins,VI,Paredones,Centro de Salud Familiar Paredones,722336284,Perteneciente,Avenida Dr. Moore 84
Del Libertador Gral. B. O'Higgins,VI,San Fernando,Centro de Salud Familiar Chacabuco,722336750,Perteneciente,
Del Libertador Gral. B. O'Higgins,VI,Santa Cruz,Centro de Salud Familiar Santa Cruz,722335550,Perteneciente,Avenida Diego Portales 625
Del Libertador Gral. B. O'Higgins,VI,Navidad,Centro de Salud Familiar Valle Mar Navidad,722336154,Perteneciente,Calle Plaza General Bonilla 25
Del Libertador Gral. B. O'Higgins,VI,Doñihue,Centro de Salud Familiar Lo Miranda,,Perteneciente,
Del Libertador Gral. B. O'Higgins,VI,Rengo,Centro de Salud Familiar Rosario,722336241,Perteneciente,
Del Libertador Gral. B. O'Higgins,VI,San Fernando,Centro de Salud Familiar Oriente,800500607,Perteneciente,
Del Libertador Gral. B. O'Higgins,VI,Rancagua,Centro de Salud Familiar N° 6 Sr. Ignacio Caroca,722675900,Perteneciente,Avenida Constanza 1790
Del Libertador Gral. B. O'Higgins,VI,Malloa,Centro de Salud Familiar Malloa,,Perteneciente,Calle Bernales 127
Del Libertador Gral. B. O'Higgins,VI,Malloa,Centro de Salud Familiar de Pelequen,,Perteneciente,
Del Libertador Gral. B. O'Higgins,VI,Olivar,Centro de Salud Familiar Olivar Alto,,Perteneciente,Calle Rafael Estrada 200
Del Libertador Gral. B. O'Higgins,VI,Nancagua,Centro de Salud Familiar Cunaco,,Perteneciente,
Del Libertador Gral. B. O'Higgins,VI,Rengo,Centro de Salud Familiar Rengo,722512720,Perteneciente,Avenida Arturo Prat 1850
Del Libertador Gral. B. O'Higgins,VI,Olivar,Centro de Salud Familiar Gultro,722231958,Perteneciente,
Del Libertador Gral. B. O'Higgins,VI,Peumo,Centro de Salud Familiar La Esperanza,722665625,Perteneciente,Calle Isla 18
Del Libertador Gral. B. O'Higgins,VI,Palmilla,Centro de Salud Familiar de Palmilla,722952486,Perteneciente,
Del Maule,VII,Constitución,Centro de Salud Familiar Constitución,,Perteneciente,Avenida Santa María 465
Del Maule,VII,Curicó,Centro de Salud Familiar A.S. Betty Muñoz Arce (Ex Sol de Septiembre),800500706,Perteneciente,Calle Piloto Marcelo Oxilia 1550
Del Maule,VII,Curicó,Centro de Salud Familiar Miguel Ángel Arenas López,800500705,Perteneciente,Avenida Balmaceda 179
Del Maule,VII,Curicó,Centro de Salud Familiar Colón,800500703,Perteneciente,
Del Maule,VII,Curicó,Centro de Salud Familiar Curicó Centro,800500704,Perteneciente,Avenida Freire 189
Del Maule,VII,Molina,Centro de Salud Familiar Lontué,752471055,Perteneciente,
Del Maule,VII,Talca,Centro de Salud Familiar José Dionisio Astaburuaga,800500712,Perteneciente,
Del Maule,VII,Talca,Centro de Salud Familiar La Florida,800500714,Perteneciente,
Del Maule,VII,Talca,Centro de Salud Familiar Dr. Julio Contardo Urzúa,712411103,Perteneciente,
Del Maule,VII,Linares,Centro de Salud Familiar Valentín Letelier,800500709,Perteneciente,
Del Maule,VII,Linares,Centro de Salud Familiar San Juan Dios,800500708,Perteneciente,
Del Maule,VII,Villa Alegre,Centro de Salud Familiar Villa Alegre,732381585,Perteneciente,Avenida Francisco Antonio Encina 141
Del Maule,VII,Parral,Centro de Salud Familiar Arrau Méndez,732463563,Perteneciente,
Del Maule,VII,Pencahue,Centro de Salud Familiar Pencahue,711971379,Perteneciente,Calle Fernando Parot Silva 148
Del Maule,VII,San Clemente,Centro de Salud Familiar San Clemente,712621250,Perteneciente,
Del Maule,VII,Maule,Centro de Salud Familiar Maule,712631192,Perteneciente,Calle Balmaceda 580
Del Maule,VII,Pelarco,Centro de Salud Familiar Pelarco,712657143,Perteneciente,Calle Catedral 50
Del Maule,VII,Río Claro,Centro de Salud Familiar Cumpeo,752661010,Perteneciente,
Del Maule,VII,Colbún,Centro de Salud Familiar Alcalde Francisco Sepúlveda Salgado,,Perteneciente,Calle Adolfo Novoa 236
Del Maule,VII,Yerbas Buenas,Centro de Salud Familiar Ignacio Carrera Pinto,732620666,Perteneciente,Avenida Marcial Cáceres 48
Del Maule,VII,Colbún,Centro de Salud Familiar Panimávida,732361057,Perteneciente,
Del Maule,VII,Longaví,Centro de Salud Familiar Amanda Benavente,732411276,Perteneciente,Calle 1 Norte 160
Del Maule,VII,Retiro,Centro de Salud Familiar Marta Estévez,732421299,Perteneciente,
Del Maule,VII,Pelluhue,Centro de Salud Familiar Dr. Pedro Rivas Pinochet,732556069,Perteneciente,
Del Maule,VII,Linares,Centro de Salud Familiar Oscar Bonilla,800500707,Perteneciente,
Del Maule,VII,San Rafael,Centro de Salud Familiar San Rafael (San Rafael),752310453,Perteneciente,
Del Maule,VII,Sagrada Familia,Centro de Salud Familiar Sagrada Familia,752451009,Perteneciente,
Del Maule,VII,Sagrada Familia,Centro de Salud Familiar Villa Prat,752565340,Perteneciente,
Del Maule,VII,Vichuquén,Centro de Salud Familiar Vichuquén,742400405,Perteneciente,
Del Maule,VII,Romeral,Centro de Salud Familiar Romeral,752431024,Perteneciente,Pasaje Luis Saiz Romeral 196
Del Maule,VII,Cauquenes,Centro de Salud Familiar Armando Williams,732512433,Perteneciente,
Del Maule,VII,Curicó,Centro de Salud Familiar Sarmiento,752351002,Perteneciente,
Del Maule,VII,Talca,Centro de Salud Familiar Carlos Trupp,800500711,Perteneciente,
Del Maule,VII,Constitución,Centro de Salud Familiar Cerro Alto,800500702,Perteneciente,
Del Maule,VII,Rauco,Centro de Salud Familiar Rauco,752441230,Perteneciente,
Del Maule,VII,Empedrado,Centro de Salud Familiar Empedrado,712671583,Perteneciente,
Del Maule,VII,Teno,Centro de Salud Familiar Morza,752565350,Perteneciente,
Del Maule,VII,Teno,Centro de Salud Familiar Comalle,752454247,Perteneciente,
Del Maule,VII,Curicó,Centro de Salud Familiar Los Niches,752510646,Perteneciente,
Del Maule,VII,Talca,Centro de Salud Familiar Las Américas,712213742,Perteneciente,Calle 19 Norte 3000
Del Maule,VII,Cauquenes,Centro de Salud Familiar Dr. Ricardo Valdés Hurtado,752513584,Perteneciente,
Del Maule,VII,San Javier,Centro de Salud Familiar Dr. Carlos Díaz Gidi,732633544,Perteneciente,
Del Maule,VII,Talca,Centro de Salud Familiar Faustino González,,Perteneciente,Calle 17 Oriente 2360
Del Maule,VII,Linares,Centro de Salud Familiar Luis Navarrete Carvacho,732567240,Perteneciente,
Del Maule,VII,Talca,Centro de Salud Familiar Villa Magisterio,,Perteneciente,
Del Bíobío,VIII,Lebu,Centro de Salud Familiar Lebu Norte,412511527,Perteneciente,
Del Bíobío,VIII,Tirúa,Centro de Salud Familiar Isabel Jiménez,412721172,Perteneciente,
Del Bíobío,VIII,Curanilahue,Centro de Salud Familiar Eleuterio Ramírez,412691358,Perteneciente,
Del Bíobío,VIII,Los Álamos,Centro de Salud Familiar Los Álamos,412723640,Perteneciente,Calle Pedro Eyheramendy 835
Del Bíobío,VIII,Arauco,Centro de Salud Familiar Laraquete,412571006,Perteneciente,
Del Bíobío,VIII,Arauco,Centro de Salud Familiar Carampangue,412571991,Perteneciente,
Del Bíobío,VIII,Chillán,Centro de Salud Familiar Violeta Parra,,Perteneciente,Calle Francisco Ramírez 150
Del Bíobío,VIII,Chillán,Centro de Salud Familiar San Ramón Nonato,800500823,Perteneciente,
Del Bíobío,VIII,Chillán,Centro de Salud Familiar Ultraestación Dr. Raúl San Martín González,800500824,Perteneciente,
Del Bíobío,VIII,Chillán,Centro de Salud Familiar Isabel Riquelme,800500822,Perteneciente,Calle O'Higgins 1661
Del Bíobío,VIII,Portezuelo,Centro de Salud Familiar Portezuelo,422571096,Perteneciente,Calle San Martín 150
Del Bíobío,VIII,Quillón,Centro de Salud Familiar Quillón,422581027,Perteneciente,Calle Francisco Unzueta 159
Del Bíobío,VIII,Cobquecura,Centro de Salud Familiar Cobquecura,422371651,Perteneciente,Calle Chacabuco 473
Del Bíobío,VIII,San Ignacio,Centro de Salud Familiar San Ignacio,421970631,Perteneciente,
Del Bíobío,VIII,San Fabián,Centro de Salud Familiar San Fabián,422375131,Perteneciente,
Del Bíobío,VIII,Pemuco,Centro de Salud Familiar Pemuco,422653041,Perteneciente,Calle Padre Jorge Herrera 1086
Del Bíobío,VIII,San Carlos,Centro de Salud Familiar Dr. José Duran Trujillo,422415410,Perteneciente,Calle Las Acacias 470
Del Bíobío,VIII,San Nicolás,Centro de Salud Familiar San Nicolás,422561414,Perteneciente,
Del Bíobío,VIII,Ñiquén,Centro de Salud Familiar Ñiquén,422373293,Perteneciente,
Del Bíobío,VIII,Ninhue,Centro de Salud Familiar Dr. David Benavente de Ninhue,421972942,Perteneciente,Calle Arturo Prat 405
Del Bíobío,VIII,Yungay,Centro de Salud Familiar Campanario,421970734,Perteneciente,
Del Bíobío,VIII,Ránquil,Centro de Salud Familiar Ñipas,422434739,Perteneciente,Calle Pedro Aguirre Cerda 392
Del Bíobío,VIII,Pinto,Centro de Salud Familiar Pinto,422484015,Perteneciente,
Del Bíobío,VIII,Coihueco,Centro de Salud Familiar Coihueco,422471060,Perteneciente,Calle Prat 683
Del Bíobío,VIII,San Ignacio,Centro de Salud Familiar Quiriquina,421975403,Perteneciente,
Del Bíobío,VIII,Chillán,Centro de Salud Familiar Quinchamalí,422351071,Perteneciente,
Del Bíobío,VIII,Chillán,Centro de Salud Familiar Los Volcanes,,Perteneciente,Calle Los Cóndores 155
Del Bíobío,VIII,Coihueco,Centro de Salud Familiar Luis Montecinos,422471006,Perteneciente,Calle 18 de Septiembre 631
Del Bíobío,VIII,Bulnes,Centro de Salud Familiar Santa Clara,422641152,Perteneciente,
Del Bíobío,VIII,Treguaco,Centro de Salud Familiar Treguaco,422511605,Perteneciente,Calle Luis Lama 286
Del Bíobío,VIII,Chillán Viejo,Centro de Salud Familiar Dr. Federico Puga,422263577,Perteneciente,Calle Erasmo Escala 872
Del Bíobío,VIII,San Carlos,Centro de Salud Familiar Teresa Baldechi,422416920,Perteneciente,
Del Bíobío,VIII,Chillán,Centro de Salud Familiar Sol de Oriente,,Perteneciente,
Del Bíobío,VIII,Chillán Viejo,Centro de Salud Familiar Dra. Michelle Bachelet Jeria,,Perteneciente,Calle Huambalí 1201
Del Bíobío,VIII,Los Ángeles,Centro de Salud Familiar Nororiente de Los Ángeles,,Perteneciente,Calle Morse 1558
Del Bíobío,VIII,Los Ángeles,Centro de Salud Familiar Santa Fe,432391006,Perteneciente,
Del Bíobío,VIII,Antuco,Centro de Salud Familiar Antuco,432621002,Perteneciente,
Del Bíobío,VIII,Cabrero,Centro de Salud Familiar Monteaguila,432411346,Perteneciente,
Del Bíobío,VIII,Cabrero,Centro de Salud Familiar Lautaro Cáceres Ramos,552411012,Perteneciente,Calle Tucapel 360
Del Bíobío,VIII,Quilleco,Centro de Salud Familiar Quilleco,432611010,Perteneciente,
Del Bíobío,VIII,Negrete,Centro de Salud Familiar Yanequén,432551422,Perteneciente,
Del Bíobío,VIII,San Rosendo,Centro de Salud Familiar Dr. Carlos Echeverría Véjar,432332053,Perteneciente,Calle Baquedano 95
Del Bíobío,VIII,Los Ángeles,Centro de Salud Familiar 2 Septiembre,800500804,Perteneciente,Calle Max Jara 605
Del Bíobío,VIII,Los Ángeles,Centro de Salud Familiar Norte de Los Ángeles,432332200,Perteneciente,Calle Los Ángeles 810
Del Bíobío,VIII,Los Ángeles,Centro de Salud Familiar Paillihue,800500805,Perteneciente,Calle Juan Guzmán 437
Del Bíobío,VIII,Alto Biobío,Centro de Salud Familiar Ralco,432374151,Perteneciente,
Del Bíobío,VIII,Yumbel,Centro de Salud Familiar Yumbel Estación,432332045,Perteneciente,Calle La Concepción 275
Del Bíobío,VIII,Quilleco,Centro de Salud Familiar Canteras Villa Mercedes,432373848,Perteneciente,
Del Bíobío,VIII,Los Ángeles,Centro de Salud Familiar Nuevo Horizonte,432333221,Perteneciente,Calle Aguas Calientes 2360
Del Bíobío,VIII,Concepción,Centro de Salud Familiar Villa Nonguén (Organizaciones sin fines de lucro y ONG),412723450,Perteneciente,Calle Río Loa 1397
Del Bíobío,VIII,Hualpén,Centro de Salud Familiar Hualpencillo,800500828,Perteneciente,Calle Bulgaria 2845
Del Bíobío,VIII,Talcahuano,Centro de Salud Familiar San Vicente,412723350,Perteneciente,Calle Brasil 360
Del Bíobío,VIII,Talcahuano,Centro de Salud Familiar Alcalde Leocán Portus,,Perteneciente,Calle Manuel Barros Borgoño 2645
Del Bíobío,VIII,Penco,Centro de Salud Familiar Penco,800500832,Perteneciente,Calle Freire 502
Del Bíobío,VIII,Tome,Centro de Salud Familiar Dr. Alberto Reyes,,Perteneciente,Calle Nueva Aldea 2720
Del Bíobío,VIII,Tome,Centro de Salud Familiar Bellavista,412209729,Perteneciente,Calle Los Cerezos 297
Del Bíobío,VIII,Talcahuano,Centro de Salud Familiar Paulina Avendaño Pereda,412723894,Perteneciente,
Del Bíobío,VIII,Talcahuano,Centro de Salud Familiar Los Cerros,412723504,Perteneciente,
Del Bíobío,VIII,Hualpén,Centro de Salud Familiar Talcahuano Sur,,Perteneciente,
Del Bíobío,VIII,Hualpén,Centro de Salud Familiar La Floresta,,Perteneciente,Calle Calle 3 2598
Del Bíobío,VIII,Penco,Centro de Salud Familiar Lirquén,,Perteneciente,
Del Bíobío,VIII,Tome,Centro de Salud Familiar Dichato,,Perteneciente,Calle Daniel Vera 373
Del Bíobío,VIII,Los Ángeles,Centro de Salud Familiar Entre Ríos,432333543,Perteneciente,Avenida Oriente 2201
Del Bíobío,VIII,Chiguayante,Centro de Salud Familiar Pinares,412337194,Perteneciente,Calle La Marina 1259
Del Bíobío,VIII,San Pedro de la Paz,Centro de Salud Familiar Boca Sur,800500818,Perteneciente,Calle 2° Transversal 457
Del Bíobío,VIII,Concepción,Centro de Salud Familiar Pedro de Valdivia,800500812,Perteneciente,
Del Bíobío,VIII,Concepción,Centro de Salud Familiar O'Higgins,800500811,Perteneciente,Calle Salas 534
Del Bíobío,VIII,Concepción,Centro de Salud Familiar Víctor Manuel Fernández,412721350,Perteneciente,Calle Maipú 2120
Del Bíobío,VIII,Concepción,Centro de Salud Familiar Tucapel,800500813,Perteneciente,Calle Juan de Dios Rivera 1060
Del Bíobío,VIII,Chiguayante,Centro de Salud Familiar Chiguayante,800500807,Perteneciente,
Del Bíobío,VIII,San Pedro de la Paz,Centro de Salud Familiar San Pedro de La Paz Candelaria,800500819,Perteneciente,Calle Diagonal Bíobío 165
Del Bíobío,VIII,Concepción,Centro de Salud Familiar Lorenzo Arenas,800500810,Perteneciente,Calle Carlos Oliver 50
Del Bíobío,VIII,Concepción,Centro de Salud Familiar Juan Soto Fernández,800500809,Perteneciente,Calle Desiderio Sanhueza 393
Del Bíobío,VIII,Coronel,Centro de Salud Familiar Carlos Pinto Fierro,412719829,Perteneciente,
Del Bíobío,VIII,Coronel,Centro de Salud Familiar Lagunillas,800500814,Perteneciente,Calle Los Álamos 2428
Del Bíobío,VIII,Coronel,Centro de Salud Familiar Yobilo,722723800,Perteneciente,Calle Santos Leoncio Medel 750
Del Bíobío,VIII,Chiguayante,Centro de Salud Familiar La Leonera,800500808,Perteneciente,
Del Bíobío,VIII,Lota,Centro de Salud Familiar Dr. Sergio Lagos Olave (ex Nº 4 Lota Bajo),800500817,Perteneciente,Calle Matta 454
Del Bíobío,VIII,Concepción,Centro de Salud Familiar Santa Sabina,412723790,Perteneciente,Calle Pedro Meriño 1948
Del Bíobío,VIII,San Pedro de la Paz,Centro de Salud Familiar Lomas Coloradas,412390120,Perteneciente,
Del Bíobío,VIII,San Pedro de la Paz,Centro de Salud Familiar San Pedro de La Costa,422398508,Perteneciente,Calle Fresia 3145
Del Bíobío,VIII,Lota,Centro de Salud Familiar Dr. Juan Cartes Arias,412876643,Perteneciente,
Del Bíobío,VIII,Hualqui,Centro de Salud Familiar Hualqui,412780069,Perteneciente,Calle Bulnes 690
De La Araucanía,IX,Temuco,Centro de Salud Familiar Metodista (Organizaciones sin fines de lucro y ONG),,Perteneciente,Calle Bernardo O'Higgins 1449
De La Araucanía,IX,Temuco,Centro de Salud Familiar Miraflores (Temuco),452555002,Perteneciente,Calle Miraflores 1369
De La Araucanía,IX,Freire,Centro de Salud Familiar Freire,452391088,Perteneciente,Calle Camalez 187
De La Araucanía,IX,Temuco,Centro de Salud Familiar Villa Alegre,800500909,Perteneciente,
De La Araucanía,IX,Temuco,Centro de Salud Familiar Santa Rosa,452555803,Perteneciente,Calle Pircunche 316
De La Araucanía,IX,Temuco,Centro de Salud Familiar Amanecer,452557300,Perteneciente,Calle Garibaldi 1280
De La Araucanía,IX,Padre Las Casas,Centro de Salud Familiar Padre Las Casas,800500905,Perteneciente,
De La Araucanía,IX,Temuco,Centro de Salud Familiar Pueblo Nuevo,452558260,Perteneciente,Calle Nahuelbuta 2815
De La Araucanía,IX,Melipeuco,Centro de Salud Familiar Melipeuco,452581051,Perteneciente,Calle Pedro Aguirre Cerda 14
De La Araucanía,IX,Teodoro Schmidt,Centro de Salud Familiar Teodoro Schmidt,452664058,Perteneciente,Calle Balmaceda 510
De La Araucanía,IX,Cunco,Centro de Salud Familiar Andrés Sandoval Calderón,452578202,Perteneciente,
De La Araucanía,IX,Cholchol,Centro de Salud Familiar Chol Chol,452351507,Perteneciente,Calle Aníbal Pinto 552
De La Araucanía,IX,Carahue,Centro de Salud Familiar Trovolhue,452351306,Perteneciente,Calle Juan Pablo 1335
De La Araucanía,IX,Villarrica,Centro de Salud Familiar Villarrica,800500910,Perteneciente,Calle Caupolicán 2001
De La Araucanía,IX,Padre Las Casas,Centro de Salud Familiar Las Colinas,800500904,Perteneciente,Calle Mañil 130
De La Araucanía,IX,Freire,Centro de Salud Familiar Quepe,452391082,Perteneciente,
De La Araucanía,IX,Nueva Imperial,Centro de Salud Familiar Nueva Imperial,452611063,Perteneciente,Calle Gorostiaga 258
De La Araucanía,IX,Padre Las Casas,Centro de Salud Familiar Pulmahue,452332842,Perteneciente,Avenida La Quebrada 1419
De La Araucanía,IX,Lautaro,Centro de Salud Familiar Lautaro,452557570,Perteneciente,
De La Araucanía,IX,Temuco,Centro de Salud Familiar Pedro de Valdivia,452348388,Perteneciente,Calle Chivilcán 910
De La Araucanía,IX,Villarrica,Centro de Salud Familiar Lican Ray,,Perteneciente,
De La Araucanía,IX,Teodoro Schmidt,Centro de Salud Familiar Hualpín,452197219,Perteneciente,Calle Andrés Bello 320
De La Araucanía,IX,Temuco,Centro de Salud Familiar Labranza,452376675,Perteneciente,Calle Uno Norte 11
De La Araucanía,IX,Villarrica,Centro de Salud Familiar Los Volcanes,452413310,Perteneciente,Calle Los Volcanes 800
De La Araucanía,IX,Pucón,Centro de Salud Familiar Rural Pucón,452293131,Perteneciente,Calle Ansorena 662
De La Araucanía,IX,Vilcún,Centro de Salud Familiar de Cajón,452603153,Perteneciente,"Calle Gabriela Mistral, Pueblo de Cajón 357"
De La Araucanía,IX,Renaico,Centro de Salud Familiar Renaico,452811850,Perteneciente,
De La Araucanía,IX,Angol,Centro de Salud Familiar Huequén,800500901,Perteneciente,
De La Araucanía,IX,Angol,Centro de Salud Familiar Alemania de Angol,800500903,Perteneciente,Calle Baviera 445
De La Araucanía,IX,Angol,Centro de Salud Familiar Piedra del Águila,452519001,Perteneciente,Calle Cautín 537
De La Araucanía,IX,Victoria,Centro de Salud Familiar Victoria,800500902,Perteneciente,Calle Muñoz Vargas 730
De La Araucanía,IX,Temuco,Centro de Salud Familiar El Carmen,452643500,Perteneciente,Calle Los Compositores 100
De La Araucanía,IX,Padre Las Casas,Centro de Salud Familiar Conun Huenu,452742348,Perteneciente,Avenida Avenida Pulmahue 1405
De Los Ríos,XIV,Valdivia,Centro de Salud Familiar Externo Valdivia,632265000,Perteneciente,Avenida Francia 2980
De Los Ríos,XIV,Valdivia,Centro de Salud Familiar Las Ánimas,632296108,Perteneciente,Calle Pedro Aguirre Cerda 231
De Los Ríos,XIV,Valdivia,Centro de Salud Familiar Dr. Jorge Sabat Gozalo (Ex Gil de Castro),632214693,Perteneciente,Calle Picarte 2500
De Los Ríos,XIV,Mariquina,Centro de Salud Familiar San José de la Mariquina,632333410,Perteneciente,
De Los Ríos,XIV,Panguipulli,Centro de Salud Familiar Panguipulli,632311358,Perteneciente,Calle Eduardo Cruz Coke 136
De Los Ríos,XIV,Futrono,Centro de Salud Familiar Belarmina Paredes,632264591,Perteneciente,
De Los Ríos,XIV,Lago Ranco,Centro de Salud Familiar Juan Santa María Bonet,632491505,Perteneciente,Calle Concepción 655
De Los Ríos,XIV,Máfil,Centro de Salud Familiar Máfil,632411751,Perteneciente,
De Los Ríos,XIV,Panguipulli,Centro de Salud Familiar Coñaripe,632317274,Perteneciente,
De Los Ríos,XIV,Panguipulli,Centro de Salud Familiar Choshuenco,632310467,Perteneciente,
De Los Ríos,XIV,La Unión,Centro de Salud Familiar Dr. Alfredo Gantz Mann,632336770,Perteneciente,Calle Los Tineos 55
De Los Ríos,XIV,Lanco,Centro de Salud Familiar Malalhue,632316231,Perteneciente,Calle Balmaceda 138
De Los Ríos,XIV,Río Bueno,Centro de Salud Familiar Río Bueno,642344551,Perteneciente,Calle Ejército Libertador 1500
De Los Ríos,XIV,Valdivia,Centro de Salud Familiar Niebla,632282037,Perteneciente,
De Los Ríos,XIV,Valdivia,Centro de Salud Familiar Angachilla,632220316,Perteneciente,Calle Santa Martina 3821
De Los Ríos,XIV,Paillaco,Centro de Salud Familiar Lautaro Caro Ríos,632264500,Perteneciente,
De Los Ríos,XIV,Los Lagos,Centro de Salud Familiar Los Lagos,632460303,Perteneciente,Calle Arturo Prat 162
De Los Lagos,X,Osorno,Centro de Salud Familiar Dr. Pedro Jáuregui,800500012,Perteneciente,Calle Victoria 370
De Los Lagos,X,Osorno,Centro de Salud Familiar Dr. Marcelo Lopetegui Adams,800500014,Perteneciente,Calle Los Carrera 1400
De Los Lagos,X,Osorno,Centro de Salud Familiar Ovejería,800500015,Perteneciente,Calle Martín Ruiz de Gamboa 602
De Los Lagos,X,Osorno,Centro de Salud Familiar Rahue Alto,800500307,Perteneciente,Calle Real 2160
De Los Lagos,X,Puyehue,Centro de Salud Familiar Entre Lagos,800500300,Perteneciente,
De Los Lagos,X,San Pablo,Centro de Salud Familiar San Pablo,642381228,Perteneciente,Calle Colón 788
De Los Lagos,X,Osorno,Centro de Salud Familiar Pampa Alegre,800500016,Perteneciente,Calle Los Héroes de La Concepción 769
De Los Lagos,X,Purranque,Centro de Salud Familiar Purranque,800500017,Perteneciente,Calle 21 de Mayo 415
De Los Lagos,X,Río Negro,Centro de Salud Familiar Practicante Pablo Araya (Ex Río Negro),642643110,Perteneciente,
De Los Lagos,X,Osorno,Centro de Salud Familiar Quinto Centenario,642232507,Perteneciente,Calle Sevilla 1620
De Los Lagos,X,San Juan de la Costa,Centro de Salud Familiar Bahía Mansa,642375364,Perteneciente,
De Los Lagos,X,San Juan de la Costa,Centro de Salud Familiar Puaucho,642336930,Perteneciente,
De Los Lagos,X,Ancud,Centro de Salud Familiar Pudeto Bajo,652623622,Perteneciente,
De Los Lagos,X,Quemchi,Centro de Salud Familiar Quemchi,652891231,Perteneciente,
De Los Lagos,X,Chonchi,Centro de Salud Familiar Chonchi,652671240,Perteneciente,
De Los Lagos,X,Dalcahue,Centro de Salud Familiar Dalcahue,652641295,Perteneciente,Calle Ramón Freire 315
De Los Lagos,X,Puqueldón,Centro de Salud Familiar Puqueldón,652250193,Perteneciente,
De Los Lagos,X,Curaco de Vélez,Centro de Salud Familiar Curaco de Vélez,652259477,Perteneciente,
De Los Lagos,X,Castro,Centro de Salud Familiar Dr. René Tapia Salgado,652632216,Perteneciente,Calle Galvarino Riveros 939
De Los Lagos,X,Ancud,Centro de Salud Familiar Dr. Manuel Ferreira Guzman,652623623,Perteneciente,Calle Almirante Latorre 750
De Los Lagos,X,Quellón,Centro de Salud Familiar Quellón,652683507,Perteneciente,Calle Galvarino Riveros 590
De Los Lagos,X,Puerto Montt,Centro de Salud Familiar Angelmó,652292498,Perteneciente,
De Los Lagos,X,Puerto Montt,Centro de Salud Familiar Antonio Varas,652253020,Perteneciente,
De Los Lagos,X,Puerto Montt,Centro de Salud Familiar Carmela Carvajal,652252083,Perteneciente,Calle Regimiento 1188
De Los Lagos,X,Puerto Montt,Centro de Salud Familiar Techo para todos (ONG),652273510,Perteneciente,
De Los Lagos,X,Maullín,Centro de Salud Familiar Carelmapu,652477401,Perteneciente,
De Los Lagos,X,Los Muermos,Centro de Salud Familiar Los Muermos,652211401,Perteneciente,
De Los Lagos,X,Puerto Varas,Centro de Salud Familiar Nº 1 Puerto Varas,800500008,Perteneciente,
De Los Lagos,X,Frutillar,Centro de Salud Familiar Frutillar Alto,800500003,Perteneciente,
De Los Lagos,X,Llanquihue,Centro de Salud Familiar Los Volcanes,642336700,Perteneciente,
De Los Lagos,X,Hualaihué,Centro de Salud Familiar Río Negro Hornopirén,652328630,Perteneciente,Calle Diego Portales 25
De Los Lagos,X,Puerto Montt,Centro de Salud Familiar Padre Hurtado,652437629,Perteneciente,
De Los Lagos,X,Puerto Montt,Centro de Salud Familiar San Pablo Mirasol (ONG),652254452,Perteneciente,
De Los Lagos,X,Puerto Montt,Centro de Salud Familiar Alerce,652330087,Perteneciente,
De Los Lagos,X,Calbuco,Centro de Salud Familiar Calbuco,,Perteneciente,"Calle Eulogio Goycolea, esquina Manuel Rodríguez 132"
De Los Lagos,X,Cochamó,Centro de Salud Familiar Cochamó,659382,Perteneciente,
De Los Lagos,X,Castro,Centro de Salud Familiar Quillahue,652773080,Perteneciente,Calle Galvarino Riveros Norte 2719
De Aysén del General Carlos Ibañez del Campo,XI,Aisén,Centro de Salud Familiar Puerto Aysen,672261151,Perteneciente,Calle Eleuterio Ramirez 1035
De Magallanes y de la Antártica Chilena,XII,Punta Arenas,Centro de Salud Familiar Dr. Mateo Bencur,800500990,Perteneciente,Calle Capitán Guillermo 781
De Magallanes y de la Antártica Chilena,XII,Punta Arenas,Centro de Salud Familiar Dr. Juan Damianovic,800500988,Perteneciente,Calle Zenteno 1102
De Magallanes y de la Antártica Chilena,XII,Punta Arenas,Centro de Salud Familiar 18 Septiembre,800500986,Perteneciente,Calle Mateo de Toro y Zambrano 1893
De Magallanes y de la Antártica Chilena,XII,Punta Arenas,Centro de Salud Familiar Dr. Thomas Fenton,800500989,Perteneciente,Calle Prolongación Velastegui 762
De Magallanes y de la Antártica Chilena,XII,Punta Arenas,Centro de Salud Familiar Carlos Ibáñez,800500987,Perteneciente,
De Magallanes y de la Antártica Chilena,XII,Natales,Centro de Salud Familiar Natales,612411000,Perteneciente,
